[
  {
    "file": "WAR_PATH/WEB-INF/shielded-container-lib/com.liferay.petra.log4j.jar/META-INF/liferay-releng.changelog",
    "checksum": "abfc112706c3024be358d76ba197aada585b1ce2d7ea0d0eda9b73d9c326391f"
  },
  {
    "file": "WAR_PATH/WEB-INF/shielded-container-lib/com.liferay.jaxws.osgi.bridge.jar/META-INF/liferay-releng.changelog",
    "checksum": "24b9d80c83b4a248dda6efa91e07d853a1e70cf4570d4efbb05cdc3d33674efe"
  },
  {
    "file": "WAR_PATH/WEB-INF/shielded-container-lib/com.liferay.petra.sql.dsl.spi.jar/META-INF/liferay-releng.changelog",
    "checksum": "ba3c0d6891f09552de67b04c1bdc014c04b68cf62e9cbf35dfbbec896c55a567"
  },
  {
    "file": "WAR_PATH/WEB-INF/shielded-container-lib/com.liferay.petra.xml.jar/META-INF/liferay-releng.changelog",
    "checksum": "116bc6fd0daef7ffb372bd0a26cddeaa103bea6cbfa49bde606de0e0d458cada"
  },
  {
    "file": "WAR_PATH/WEB-INF/shielded-container-lib/com.liferay.portal.app.license.impl.jar/com/liferay/portal/app/license/a/a.class",
    "checksum": "dcdce28ae69c33c824cd63e2b375ac15d2bf50e723b6147aba8d500436b0b70b"
  },
  {
    "file": "WAR_PATH/WEB-INF/shielded-container-lib/com.liferay.portal.app.license.impl.jar/com/liferay/portal/app/license/impl/a.class",
    "checksum": "ca438a309dea4c2c562c0b4910ec8c5f23f6e9d248ac136c8b9af57b55b4d840"
  },
  {
    "file": "WAR_PATH/WEB-INF/shielded-container-lib/com.liferay.portal.app.license.impl.jar/com/liferay/portal/app/license/impl/a/a.class",
    "checksum": "015dc5bd9e8b10b8e8d8215b33b440bae9e9d2f099a2690d83a918a39b337ee3"
  },
  {
    "file": "WAR_PATH/WEB-INF/shielded-container-lib/com.liferay.portal.app.license.impl.jar/com/liferay/portal/app/license/impl/b$a.class",
    "checksum": "6bf2e9f343be1870ea12608af8a1b261f3bdcb8452cf3e8ebbc8fb7728b35f0e"
  },
  {
    "file": "WAR_PATH/WEB-INF/shielded-container-lib/com.liferay.portal.app.license.impl.jar/com/liferay/portal/app/license/impl/b.class",
    "checksum": "c02545cf1895036515eceaa83737774eb9aef6d0919d7f45d47e34802a8fb909"
  },
  {
    "file": "WAR_PATH/WEB-INF/shielded-container-lib/com.liferay.portal.app.license.impl.jar/com/liferay/portal/app/license/impl/c.class",
    "checksum": "2f0be42e9ae4b6fd05c473be1521db16fd599fb46b7084370a97cac5b0e245f2"
  },
  {
    "file": "WAR_PATH/WEB-INF/shielded-container-lib/com.liferay.petra.url.pattern.mapper.jar/META-INF/liferay-releng.changelog",
    "checksum": "9308ab431d001e91c9670937b467ffd085fef1cf7b3b6b4a6003efa063c1153e"
  },
  {
    "file": "WAR_PATH/WEB-INF/shielded-container-lib/com.liferay.portal.osgi.web.jasper.plugins.taglib.jar/META-INF/liferay-releng.changelog",
    "checksum": "b22fc7b482c281c5a257080c178db69440ea11a4df6776939ac702b0fa378baa"
  },
  {
    "file": "WAR_PATH/WEB-INF/shielded-container-lib/com.liferay.petra.mail.jar/META-INF/liferay-releng.changelog",
    "checksum": "cbfc85f669e8a4e7452b7c73c3707a6ced68b25d8c4f79c74269b1bff536c9c4"
  },
  {
    "file": "WAR_PATH/WEB-INF/shielded-container-lib/portal-kernel.jar/patcher-service.properties",
    "checksum": "476fa3a900df5da7ac80aca45f2c98246936cee841ea894243083ebb6e214241"
  },
  {
    "file": "WAR_PATH/WEB-INF/shielded-container-lib/com.liferay.petra.executor.jar/META-INF/liferay-releng.changelog",
    "checksum": "6bd38b6fd81fdb99c1eaaf13da20418b3f6c2026eec9755f1662bcc9e0fb353e"
  },
  {
    "file": "WAR_PATH/WEB-INF/shielded-container-lib/portal-impl.jar/patcher.properties",
    "checksum": "31cf536afb8a9878b0dff4b23176d5c940157de15b3ee6ee1cde14592741cb20"
  },
  {
    "file": "WAR_PATH/WEB-INF/lib/com.liferay.shielded.container.api.jar/META-INF/liferay-releng.changelog",
    "checksum": "3176a103ce2267f89a9eee768dd067c7eaff1788d4793c4db793c8c1a4602c0f"
  },
  {
    "file": "WAR_PATH/WEB-INF/shielded-container-lib/util-slf4j.jar/META-INF/MANIFEST.MF",
    "checksum": "029958c2b1fca3a17b2af4325c7c5cac86c21a9325b53555df4ce0e2d267b50a"
  },
  {
    "file": "WAR_PATH/WEB-INF/shielded-container-lib/util-slf4j.jar/META-INF/maven/com.liferay.portal/com.liferay.util.slf4j/pom.properties",
    "checksum": "73475fbf6bfcf7a9fc37c2ab84439e1114912ca7d72cfbaec18132f933d89ac7"
  },
  {
    "file": "WAR_PATH/WEB-INF/shielded-container-lib/com.liferay.petra.log4j.jar/META-INF/MANIFEST.MF",
    "checksum": "2cceaa45ea38937beaf995758e2e695299a3d748a40890b7a367c60024f12ef7"
  },
  {
    "file": "WAR_PATH/WEB-INF/shielded-container-lib/com.liferay.portal.web.jar/META-INF/MANIFEST.MF",
    "checksum": "22a62dfdfbf514ccb1cf60d97ae077caa7946c2ffd2da5b81252106ced091eb7"
  },
  {
    "file": "WAR_PATH/WEB-INF/shielded-container-lib/com.liferay.petra.portlet.url.builder.jar/META-INF/MANIFEST.MF",
    "checksum": "7b35f9283ea3f1fbe46fdcbdae9820aeccb4eeda008d5c90866febac361a0077"
  },
  {
    "file": "WAR_PATH/WEB-INF/shielded-container-lib/com.liferay.jaxws.osgi.bridge.jar/META-INF/MANIFEST.MF",
    "checksum": "95ef143b32fd74489d8a064505e42f0a47b860380b9604522d1c1d4abec5ea94"
  },
  {
    "file": "WAR_PATH/WEB-INF/shielded-container-lib/com.liferay.petra.sql.dsl.api.jar/META-INF/MANIFEST.MF",
    "checksum": "003b0d378c066955eb097a6fdb0b1a90ef07ef40a60b20c0fdbd0a8b3c24fd9d"
  },
  {
    "file": "WAR_PATH/WEB-INF/shielded-container-lib/com.liferay.petra.string.jar/META-INF/MANIFEST.MF",
    "checksum": "e52871946f58f0de157ad437c4765b93d41f493af313d621cfdbd2e3757ae51e"
  },
  {
    "file": "WAR_PATH/WEB-INF/shielded-container-lib/com.liferay.petra.sql.dsl.spi.jar/META-INF/MANIFEST.MF",
    "checksum": "90ba52a15ccb6cbe2a4ad0379fae787a890249e28ee86bb2de09ea9d3c257fbe"
  },
  {
    "file": "WAR_PATH/WEB-INF/shielded-container-lib/com.liferay.petra.memory.jar/META-INF/MANIFEST.MF",
    "checksum": "00c1a56f75da67f3b6e50f74fe852d72cbdb7f959940816745f266026ae5f968"
  },
  {
    "file": "WAR_PATH/WEB-INF/shielded-container-lib/com.liferay.petra.xml.jar/META-INF/MANIFEST.MF",
    "checksum": "6e825f05cba01891fd8f51743c8fd7d054a7ffdf7a30a62919b59fe64f022933"
  },
  {
    "file": "WAR_PATH/WEB-INF/shielded-container-lib/com.liferay.portal.app.license.resolver.hook.jar/META-INF/MANIFEST.MF",
    "checksum": "77a00f9fb912c9680cf26922b1498a7a1132a699ad66c6db14bb07cb4d116613"
  },
  {
    "file": "WAR_PATH/WEB-INF/shielded-container-lib/com.liferay.petra.concurrent.jar/META-INF/MANIFEST.MF",
    "checksum": "3cd6ab8b19011f3395e60d4f34b700fb3bced182386c54590c6a9df06b98e67a"
  },
  {
    "file": "WAR_PATH/WEB-INF/shielded-container-lib/com.liferay.petra.process.jar/META-INF/MANIFEST.MF",
    "checksum": "aa5aecc94682505d90b475b068c41f807023275ed64d374f7e177192c8cf1571"
  },
  {
    "file": "WAR_PATH/WEB-INF/shielded-container-lib/com.liferay.portal.bootstrap.jar/META-INF/MANIFEST.MF",
    "checksum": "42b7fb5f1fa098f35b63ce14fbbab391b09b42e09661241b542fc4c6f4139319"
  },
  {
    "file": "WAR_PATH/WEB-INF/shielded-container-lib/com.liferay.portal.bootstrap.jar/META-INF/system.packages.extra.mf",
    "checksum": "1b9829ea4787c46eef63a3260e34afe2a26205fe428b9b324b38da96a6aeb4ee"
  },
  {
    "file": "WAR_PATH/WEB-INF/shielded-container-lib/com.liferay.portal.app.license.impl.jar/META-INF/MANIFEST.MF",
    "checksum": "ed1d48cea82abc4e2b87d6ea20a697746595bfc442b7da02623a01dba6f67ef1"
  },
  {
    "file": "WAR_PATH/WEB-INF/shielded-container-lib/com.liferay.portal.app.license.impl.jar/com/liferay/portal/app/license/impl/MarketplaceAppLicenseHookConfigurator.class",
    "checksum": "cf680df10d7fd05f170315ba831dc2d657db01f805b3ecac295dc01e6c4ff85a"
  },
  {
    "file": "WAR_PATH/WEB-INF/shielded-container-lib/com.liferay.petra.io.jar/META-INF/MANIFEST.MF",
    "checksum": "13a58da16357fa2ecb6cfa47d79049c044525e4af13464efa3179656924988dd"
  },
  {
    "file": "WAR_PATH/WEB-INF/shielded-container-lib/com.liferay.osgi.service.tracker.collections.jar/META-INF/MANIFEST.MF",
    "checksum": "fffd463ced6c417ad40561aa6db592a1a323613b89a5cd62dc41ed8e8b1ec560"
  },
  {
    "file": "WAR_PATH/WEB-INF/shielded-container-lib/com.liferay.petra.nio.jar/META-INF/MANIFEST.MF",
    "checksum": "0ea9bc42929ecc43a03e9f27cee4ae4164873a0c63df4677184cb2883984634b"
  },
  {
    "file": "WAR_PATH/WEB-INF/shielded-container-lib/com.liferay.portal.app.license.api.jar/META-INF/MANIFEST.MF",
    "checksum": "1477a1b94d7ae4d668e9c92b587a00f954d8a2662c06ff23a812bd5568780a0c"
  },
  {
    "file": "WAR_PATH/WEB-INF/shielded-container-lib/com.liferay.petra.lang.jar/META-INF/MANIFEST.MF",
    "checksum": "0b0b8179db434e34f6a78afa8b596c9f5b2e600e0cadb56e6b5e9f917ed9c009"
  },
  {
    "file": "WAR_PATH/WEB-INF/shielded-container-lib/com.liferay.petra.url.pattern.mapper.jar/META-INF/MANIFEST.MF",
    "checksum": "0772c210d86c4762d06a92979cfc6adefd734a1ce518139376d0483068de2262"
  },
  {
    "file": "WAR_PATH/WEB-INF/shielded-container-lib/com.liferay.portal.osgi.web.jasper.plugins.taglib.jar/META-INF/MANIFEST.MF",
    "checksum": "e9306e697e15b00e21e2f7864f67dfc44b914e36bbae5558ce61b685627d2080"
  },
  {
    "file": "WAR_PATH/WEB-INF/shielded-container-lib/com.liferay.petra.mail.jar/META-INF/MANIFEST.MF",
    "checksum": "939f6372b9d318a4547bd1762ce14187cf9f50f90c92c3d4d1d0b82b3ef15f00"
  },
  {
    "file": "WAR_PATH/WEB-INF/shielded-container-lib/com.liferay.petra.function.jar/META-INF/MANIFEST.MF",
    "checksum": "8da705f9e821bc6155e97eb205c0bc30e529eb95e3876f404ad065e29c792775"
  },
  {
    "file": "WAR_PATH/WEB-INF/shielded-container-lib/util-bridges.jar/META-INF/MANIFEST.MF",
    "checksum": "a411b9a5831aed63ce0212d05e88efa32efad3fd1ac879d72c7fa5cdc7831a16"
  },
  {
    "file": "WAR_PATH/WEB-INF/shielded-container-lib/util-bridges.jar/META-INF/maven/com.liferay.portal/com.liferay.util.bridges/pom.properties",
    "checksum": "a7ed4d642f50fc1bd1fb9b5b5aa15b7ab01cfee355b7ac82e2e9ef64f4637809"
  },
  {
    "file": "WAR_PATH/WEB-INF/shielded-container-lib/portal-kernel.jar/META-INF/MANIFEST.MF",
    "checksum": "d10e7b9314ad95002f699d17476b45ab1889a84870ee8b8d49932127aba7f61c"
  },
  {
    "file": "WAR_PATH/WEB-INF/shielded-container-lib/portal-kernel.jar/META-INF/maven/com.liferay.portal/com.liferay.portal.kernel/pom.properties",
    "checksum": "d5dae6b00666e75d42bd63914bae822975bca1eab1ccccd45e6033bf0a91bb83"
  },
  {
    "file": "WAR_PATH/WEB-INF/shielded-container-lib/com.liferay.petra.reflect.jar/META-INF/MANIFEST.MF",
    "checksum": "2b16c2527d7540486ed30dcccf60c011598e2fe144b8d56b32d6615b4d1433f6"
  },
  {
    "file": "WAR_PATH/WEB-INF/shielded-container-lib/util-taglib.jar/META-INF/MANIFEST.MF",
    "checksum": "8aaf042929c35fbef303494ae199b747f8d8cf4741be244edce93588f7ddd739"
  },
  {
    "file": "WAR_PATH/WEB-INF/shielded-container-lib/util-taglib.jar/META-INF/maven/com.liferay.portal/com.liferay.util.taglib/pom.properties",
    "checksum": "bea62c3b5cfe0b1753e15b3233ece05188afd474ac2ee9a6be80854b1c670c79"
  },
  {
    "file": "WAR_PATH/WEB-INF/shielded-container-lib/util-java.jar/META-INF/MANIFEST.MF",
    "checksum": "8504ca52d4711e9498bde81188424f7113d9c08ef9bab8b62d6a4ea98e31e5eb"
  },
  {
    "file": "WAR_PATH/WEB-INF/shielded-container-lib/util-java.jar/META-INF/maven/com.liferay.portal/com.liferay.util.java/pom.properties",
    "checksum": "aa46e6b77d29b72172ee838bc9aa7c98ea98bb90c7fa09a69f41f3d794374939"
  },
  {
    "file": "WAR_PATH/WEB-INF/shielded-container-lib/com.liferay.petra.executor.jar/META-INF/MANIFEST.MF",
    "checksum": "ed18ac39a291ca4ed9b0d89a3fd0008839d987b8f9bfa7297c95d3bd4dad3379"
  },
  {
    "file": "WAR_PATH/WEB-INF/shielded-container-lib/com.liferay.portal.dao.db.jar/META-INF/MANIFEST.MF",
    "checksum": "28684f685840c6013910c7146e5172c2f1b6dbd8bcb6230ac4d79122cada6832"
  },
  {
    "file": "WAR_PATH/WEB-INF/shielded-container-lib/portal-impl.jar/META-INF/MANIFEST.MF",
    "checksum": "b680966b1cb7d6e1f4f6f6112f65c696d3e82a2ba8aabbca52762db2f7fa7b63"
  },
  {
    "file": "WAR_PATH/WEB-INF/shielded-container-lib/portal-impl.jar/META-INF/maven/com.liferay.portal/com.liferay.portal.impl/pom.properties",
    "checksum": "a331ff9ff74a864e2e5094f129c622c815de7d49801bbde7bc043b0f3aca8792"
  },
  {
    "file": "WAR_PATH/WEB-INF/shielded-container-lib/portal-impl.jar/com/liferay/portal/deploy/dependencies/maven/com.liferay.portal/com.liferay.util.taglib/pom.properties",
    "checksum": "bea62c3b5cfe0b1753e15b3233ece05188afd474ac2ee9a6be80854b1c670c79"
  },
  {
    "file": "WAR_PATH/WEB-INF/shielded-container-lib/portal-impl.jar/com/liferay/portal/deploy/dependencies/util-bridges.jar",
    "checksum": "64baad539e2ec2976d09105ca3261ce58cbddcc1aed8d10f70a9b9263a27750e"
  },
  {
    "file": "WAR_PATH/WEB-INF/shielded-container-lib/portal-impl.jar/com/liferay/portal/deploy/dependencies/util-java.jar",
    "checksum": "e447e142976aa092360269efa8057acba140d976d4bfd7bb449b3ff1a56c9b36"
  },
  {
    "file": "WAR_PATH/WEB-INF/shielded-container-lib/portal-impl.jar/com/liferay/portal/deploy/dependencies/util-slf4j.jar",
    "checksum": "f66fd5edafaad9b3502d28670946a2c5168440ec7fd1e023a21ee0c25db9a655"
  },
  {
    "file": "WAR_PATH/WEB-INF/shielded-container-lib/portal-impl.jar/com/liferay/portal/deploy/dependencies/util-taglib.jar",
    "checksum": "621858aac5017f4dbaf6c8891b704819a8a03c0fba554a885a041d6280944a86"
  },
  {
    "file": "WAR_PATH/WEB-INF/shielded-container-lib/portal-impl.jar/com/liferay/portal/ee/license/LCSLicenseManager.class",
    "checksum": "28cc123b76f4867817f4727ac58d7be6c60d7bd20aa30a8a2b9225aff6910506"
  },
  {
    "file": "WAR_PATH/WEB-INF/shielded-container-lib/portal-impl.jar/com/liferay/portal/ee/license/StartupAction",
    "checksum": "14624565ff5787f5852f0e0b8c196478ad34335867b62a229a14145f953d5b0b"
  },
  {
    "file": "WAR_PATH/WEB-INF/shielded-container-lib/portal-impl.jar/com/liferay/portal/ee/license/c.class",
    "checksum": "358789a120175d55d9bf4b99872a7539f0e8be5a752bb5bf86a44ee82b12c0cc"
  },
  {
    "file": "WAR_PATH/WEB-INF/shielded-container-lib/portal-impl.jar/com/liferay/portal/license/LicenseManager.class",
    "checksum": "04343cf4b96b1eb4362a3397889d74f026171c2405fdfd2067b33c667ce28849"
  },
  {
    "file": "WAR_PATH/WEB-INF/shielded-container-lib/portal-impl.jar/com/liferay/portal/license/a/c.class",
    "checksum": "50c6dc2adae24e16eaaccaab71ef97cd716fa56783bc44a7673a940efc83c072"
  },
  {
    "file": "WAR_PATH/WEB-INF/shielded-container-lib/com.liferay.portal.jsp.engine.jar/META-INF/MANIFEST.MF",
    "checksum": "cd778d6a4e0b19b70284bcae47ebe55c41911cdb5f5305306f281d0f7c08201b"
  },
  {
    "file": "WAR_PATH/WEB-INF/lib/com.liferay.shielded.container.impl.jar/META-INF/MANIFEST.MF",
    "checksum": "8c2818691aed422496efa935e947b18851d7af8354e50a4ed56722ac7272b8aa"
  },
  {
    "file": "WAR_PATH/WEB-INF/lib/com.liferay.shielded.container.api.jar/META-INF/MANIFEST.MF",
    "checksum": "01f1af8c1832fd387a2c3df08bed5f666afab00f6530ff240b135c6c5d0ca770"
  },
  {
    "file": "WAR_PATH/WEB-INF/lib/support-tomcat.jar/META-INF/MANIFEST.MF",
    "checksum": "7b2dd62ef82e0a835601dd5474b7f29ae5e0ce2630b31d7f94ab6cc513bc99f0"
  },
  {
    "file": "WAR_PATH/WEB-INF/lib/support-tomcat.jar/META-INF/maven/com.liferay.portal/com.liferay.support.tomcat/pom.properties",
    "checksum": "4e1711d8301428e25abd3b31419ce1fc2eb4202da18809ac965464b91459d7ee"
  },
  {
    "file": "MODULES_BASE_PATH/marketplace/Liferay Collaboration - Liferay Document Library - Impl.lpkg/com.liferay.document.library.preview.pdf-1.0.3.hotfix-960-7413.jar/META-INF/MANIFEST.MF",
    "checksum": "4975f813d0899f0a1c75bd2c9e08e8174b71984f5a7117d385ea0f3f08af9de1"
  },
  {
    "file": "MODULES_BASE_PATH/marketplace/Liferay Collaboration - Liferay Document Library - Impl.lpkg/com.liferay.document.library.preview.pdf-1.0.3.hotfix-960-7413.jar/com/liferay/document/library/preview/pdf/internal/PDFProcessorImpl$LiferayPDFBoxProcessCallable.class",
    "checksum": "b15872f33a9baa902a18380c1e57ef556f820fe215d6e1b5cac1480ff964e96f"
  },
  {
    "file": "MODULES_BASE_PATH/marketplace/Liferay Collaboration - Liferay Document Library - Impl.lpkg/com.liferay.document.library.preview.pdf-1.0.3.hotfix-960-7413.jar/com/liferay/document/library/preview/pdf/internal/PDFProcessorImpl.class",
    "checksum": "f10161ac148a19b2d360f33157a26460113073003450007d528e0f5d2ac04cd5"
  },
  {
    "file": "MODULES_BASE_PATH/marketplace/Liferay Collaboration - Liferay Document Library - Impl.lpkg/liferay-marketplace.properties",
    "checksum": "fce6f423b94084a5902f71ab9ef992acba396fbef2c03c56b61d2c2c273a19fa"
  }
]