{
  "build": {
    "date": "Fri, 18 Nov 2022 07:39:00 PST",
    "git-revision": "abe1bc271bdcb33619ec1a5b0d3f8cf51d1a9b5b",
    "id": "237155408",
    "name": "LPS-155945",
    "builder-revision": "4fd017784114c4621052faaa2b22e78e5f9f0ff7",
    "rt-revision": "a2a1357ba4c7c2ae91022bd9b338148b6ef4edfe"
  },
  "files": {
    "lpkg_files": [
      {
        "path": "MODULES_BASE_PATH/marketplace/Liferay Collaboration - Liferay Document Library - Impl.lpkg",
        "change_type": "modified",
        "added_files": [],
        "removed_files": [],
        "modified_files": [
          "liferay-marketplace.properties"
        ],
        "modified_jars": [
          {
            "old_name": "com.liferay.document.library.preview.pdf-1.0.3.jar",
            "new_name": "com.liferay.document.library.preview.pdf-1.0.3.hotfix-960-7413.jar",
            "added": [],
            "modified": [
              "META-INF/MANIFEST.MF",
              "com/liferay/document/library/preview/pdf/internal/PDFProcessorImpl$LiferayPDFBoxProcessCallable.class",
              "com/liferay/document/library/preview/pdf/internal/PDFProcessorImpl.class"
            ],
            "removed": [
              "META-INF/liferay-releng.changelog"
            ],
            "change_type": "modified"
          }
        ]
      }
    ],
    "jar_files": [
      {
        "old_name": "WAR_PATH/WEB-INF/shielded-container-lib/com.liferay.petra.log4j.jar",
        "new_name": "WAR_PATH/WEB-INF/shielded-container-lib/com.liferay.petra.log4j.jar",
        "added": [
          "META-INF/liferay-releng.changelog"
        ],
        "modified": [
          "META-INF/MANIFEST.MF"
        ],
        "removed": [],
        "change_type": "modified"
      },
      {
        "old_name": "WAR_PATH/WEB-INF/shielded-container-lib/com.liferay.jaxws.osgi.bridge.jar",
        "new_name": "WAR_PATH/WEB-INF/shielded-container-lib/com.liferay.jaxws.osgi.bridge.jar",
        "added": [
          "META-INF/liferay-releng.changelog"
        ],
        "modified": [
          "META-INF/MANIFEST.MF"
        ],
        "removed": [],
        "change_type": "modified"
      },
      {
        "old_name": "WAR_PATH/WEB-INF/shielded-container-lib/com.liferay.petra.sql.dsl.spi.jar",
        "new_name": "WAR_PATH/WEB-INF/shielded-container-lib/com.liferay.petra.sql.dsl.spi.jar",
        "added": [
          "META-INF/liferay-releng.changelog"
        ],
        "modified": [
          "META-INF/MANIFEST.MF"
        ],
        "removed": [],
        "change_type": "modified"
      },
      {
        "old_name": "WAR_PATH/WEB-INF/shielded-container-lib/com.liferay.petra.xml.jar",
        "new_name": "WAR_PATH/WEB-INF/shielded-container-lib/com.liferay.petra.xml.jar",
        "added": [
          "META-INF/liferay-releng.changelog"
        ],
        "modified": [
          "META-INF/MANIFEST.MF"
        ],
        "removed": [],
        "change_type": "modified"
      },
      {
        "old_name": "WAR_PATH/WEB-INF/shielded-container-lib/com.liferay.portal.app.license.impl.jar",
        "new_name": "WAR_PATH/WEB-INF/shielded-container-lib/com.liferay.portal.app.license.impl.jar",
        "added": [
          "com/liferay/portal/app/license/a/a.class",
          "com/liferay/portal/app/license/impl/a.class",
          "com/liferay/portal/app/license/impl/a/a.class",
          "com/liferay/portal/app/license/impl/b$a.class",
          "com/liferay/portal/app/license/impl/b.class",
          "com/liferay/portal/app/license/impl/c.class"
        ],
        "modified": [
          "META-INF/MANIFEST.MF",
          "com/liferay/portal/app/license/impl/MarketplaceAppLicenseHookConfigurator.class"
        ],
        "removed": [
          "com/liferay/portal/app/license/impl/events/MarketplaceAppServicePreAction.class",
          "com/liferay/portal/app/license/impl/MarketplaceAppLicenseVerifier$MarketplaceAppBundleListener.class",
          "com/liferay/portal/app/license/impl/MarketplaceAppLicenseVerifier.class",
          "com/liferay/portal/app/license/impl/MarketplaceAppLicenseVerifier$1.class",
          "com/liferay/portal/app/license/impl/MarketplaceAppLicenseHookConfigurator$1.class",
          "com/liferay/portal/app/license/internal/AppBundleTracker.class"
        ],
        "change_type": "modified"
      },
      {
        "old_name": "WAR_PATH/WEB-INF/shielded-container-lib/com.liferay.petra.url.pattern.mapper.jar",
        "new_name": "WAR_PATH/WEB-INF/shielded-container-lib/com.liferay.petra.url.pattern.mapper.jar",
        "added": [
          "META-INF/liferay-releng.changelog"
        ],
        "modified": [
          "META-INF/MANIFEST.MF"
        ],
        "removed": [],
        "change_type": "modified"
      },
      {
        "old_name": "WAR_PATH/WEB-INF/shielded-container-lib/com.liferay.portal.osgi.web.jasper.plugins.taglib.jar",
        "new_name": "WAR_PATH/WEB-INF/shielded-container-lib/com.liferay.portal.osgi.web.jasper.plugins.taglib.jar",
        "added": [
          "META-INF/liferay-releng.changelog"
        ],
        "modified": [
          "META-INF/MANIFEST.MF"
        ],
        "removed": [],
        "change_type": "modified"
      },
      {
        "old_name": "WAR_PATH/WEB-INF/shielded-container-lib/com.liferay.petra.mail.jar",
        "new_name": "WAR_PATH/WEB-INF/shielded-container-lib/com.liferay.petra.mail.jar",
        "added": [
          "META-INF/liferay-releng.changelog"
        ],
        "modified": [
          "META-INF/MANIFEST.MF"
        ],
        "removed": [],
        "change_type": "modified"
      },
      {
        "old_name": "WAR_PATH/WEB-INF/shielded-container-lib/portal-kernel.jar",
        "new_name": "WAR_PATH/WEB-INF/shielded-container-lib/portal-kernel.jar",
        "added": [
          "patcher-service.properties"
        ],
        "modified": [
          "META-INF/MANIFEST.MF",
          "META-INF/maven/com.liferay.portal/com.liferay.portal.kernel/pom.properties"
        ],
        "removed": [],
        "change_type": "modified"
      },
      {
        "old_name": "WAR_PATH/WEB-INF/shielded-container-lib/com.liferay.petra.executor.jar",
        "new_name": "WAR_PATH/WEB-INF/shielded-container-lib/com.liferay.petra.executor.jar",
        "added": [
          "META-INF/liferay-releng.changelog"
        ],
        "modified": [
          "META-INF/MANIFEST.MF"
        ],
        "removed": [],
        "change_type": "modified"
      },
      {
        "old_name": "WAR_PATH/WEB-INF/shielded-container-lib/portal-impl.jar",
        "new_name": "WAR_PATH/WEB-INF/shielded-container-lib/portal-impl.jar",
        "added": [
          "patcher.properties"
        ],
        "modified": [
          "META-INF/MANIFEST.MF",
          "META-INF/maven/com.liferay.portal/com.liferay.portal.impl/pom.properties",
          "com/liferay/portal/deploy/dependencies/maven/com.liferay.portal/com.liferay.util.taglib/pom.properties",
          "com/liferay/portal/deploy/dependencies/util-bridges.jar",
          "com/liferay/portal/deploy/dependencies/util-java.jar",
          "com/liferay/portal/deploy/dependencies/util-slf4j.jar",
          "com/liferay/portal/deploy/dependencies/util-taglib.jar",
          "com/liferay/portal/ee/license/LCSLicenseManager.class",
          "com/liferay/portal/ee/license/StartupAction",
          "com/liferay/portal/ee/license/c.class",
          "com/liferay/portal/license/LicenseManager.class",
          "com/liferay/portal/license/a/c.class"
        ],
        "removed": [
          "com/liferay/portal/ee/license/messaging/LicenseMessageListener.class"
        ],
        "change_type": "modified"
      },
      {
        "old_name": "WAR_PATH/WEB-INF/lib/com.liferay.shielded.container.api.jar",
        "new_name": "WAR_PATH/WEB-INF/lib/com.liferay.shielded.container.api.jar",
        "added": [
          "META-INF/liferay-releng.changelog"
        ],
        "modified": [
          "META-INF/MANIFEST.MF"
        ],
        "removed": [],
        "change_type": "modified"
      },
      {
        "old_name": "WAR_PATH/WEB-INF/shielded-container-lib/util-slf4j.jar",
        "new_name": "WAR_PATH/WEB-INF/shielded-container-lib/util-slf4j.jar",
        "added": [],
        "modified": [
          "META-INF/MANIFEST.MF",
          "META-INF/maven/com.liferay.portal/com.liferay.util.slf4j/pom.properties"
        ],
        "removed": [],
        "change_type": "modified"
      },
      {
        "old_name": "WAR_PATH/WEB-INF/shielded-container-lib/com.liferay.portal.web.jar",
        "new_name": "WAR_PATH/WEB-INF/shielded-container-lib/com.liferay.portal.web.jar",
        "added": [],
        "modified": [
          "META-INF/MANIFEST.MF"
        ],
        "removed": [],
        "change_type": "modified"
      },
      {
        "old_name": "WAR_PATH/WEB-INF/shielded-container-lib/com.liferay.petra.portlet.url.builder.jar",
        "new_name": "WAR_PATH/WEB-INF/shielded-container-lib/com.liferay.petra.portlet.url.builder.jar",
        "added": [],
        "modified": [
          "META-INF/MANIFEST.MF"
        ],
        "removed": [],
        "change_type": "modified"
      },
      {
        "old_name": "WAR_PATH/WEB-INF/shielded-container-lib/com.liferay.petra.sql.dsl.api.jar",
        "new_name": "WAR_PATH/WEB-INF/shielded-container-lib/com.liferay.petra.sql.dsl.api.jar",
        "added": [],
        "modified": [
          "META-INF/MANIFEST.MF"
        ],
        "removed": [],
        "change_type": "modified"
      },
      {
        "old_name": "WAR_PATH/WEB-INF/shielded-container-lib/com.liferay.petra.string.jar",
        "new_name": "WAR_PATH/WEB-INF/shielded-container-lib/com.liferay.petra.string.jar",
        "added": [],
        "modified": [
          "META-INF/MANIFEST.MF"
        ],
        "removed": [],
        "change_type": "modified"
      },
      {
        "old_name": "WAR_PATH/WEB-INF/shielded-container-lib/com.liferay.petra.memory.jar",
        "new_name": "WAR_PATH/WEB-INF/shielded-container-lib/com.liferay.petra.memory.jar",
        "added": [],
        "modified": [
          "META-INF/MANIFEST.MF"
        ],
        "removed": [],
        "change_type": "modified"
      },
      {
        "old_name": "WAR_PATH/WEB-INF/shielded-container-lib/com.liferay.portal.app.license.resolver.hook.jar",
        "new_name": "WAR_PATH/WEB-INF/shielded-container-lib/com.liferay.portal.app.license.resolver.hook.jar",
        "added": [],
        "modified": [
          "META-INF/MANIFEST.MF"
        ],
        "removed": [],
        "change_type": "modified"
      },
      {
        "old_name": "WAR_PATH/WEB-INF/shielded-container-lib/com.liferay.petra.concurrent.jar",
        "new_name": "WAR_PATH/WEB-INF/shielded-container-lib/com.liferay.petra.concurrent.jar",
        "added": [],
        "modified": [
          "META-INF/MANIFEST.MF"
        ],
        "removed": [],
        "change_type": "modified"
      },
      {
        "old_name": "WAR_PATH/WEB-INF/shielded-container-lib/com.liferay.petra.process.jar",
        "new_name": "WAR_PATH/WEB-INF/shielded-container-lib/com.liferay.petra.process.jar",
        "added": [],
        "modified": [
          "META-INF/MANIFEST.MF"
        ],
        "removed": [],
        "change_type": "modified"
      },
      {
        "old_name": "WAR_PATH/WEB-INF/shielded-container-lib/com.liferay.portal.bootstrap.jar",
        "new_name": "WAR_PATH/WEB-INF/shielded-container-lib/com.liferay.portal.bootstrap.jar",
        "added": [],
        "modified": [
          "META-INF/MANIFEST.MF",
          "META-INF/system.packages.extra.mf"
        ],
        "removed": [],
        "change_type": "modified"
      },
      {
        "old_name": "WAR_PATH/WEB-INF/shielded-container-lib/com.liferay.petra.io.jar",
        "new_name": "WAR_PATH/WEB-INF/shielded-container-lib/com.liferay.petra.io.jar",
        "added": [],
        "modified": [
          "META-INF/MANIFEST.MF"
        ],
        "removed": [],
        "change_type": "modified"
      },
      {
        "old_name": "WAR_PATH/WEB-INF/shielded-container-lib/com.liferay.osgi.service.tracker.collections.jar",
        "new_name": "WAR_PATH/WEB-INF/shielded-container-lib/com.liferay.osgi.service.tracker.collections.jar",
        "added": [],
        "modified": [
          "META-INF/MANIFEST.MF"
        ],
        "removed": [],
        "change_type": "modified"
      },
      {
        "old_name": "WAR_PATH/WEB-INF/shielded-container-lib/com.liferay.petra.nio.jar",
        "new_name": "WAR_PATH/WEB-INF/shielded-container-lib/com.liferay.petra.nio.jar",
        "added": [],
        "modified": [
          "META-INF/MANIFEST.MF"
        ],
        "removed": [],
        "change_type": "modified"
      },
      {
        "old_name": "WAR_PATH/WEB-INF/shielded-container-lib/com.liferay.portal.app.license.api.jar",
        "new_name": "WAR_PATH/WEB-INF/shielded-container-lib/com.liferay.portal.app.license.api.jar",
        "added": [],
        "modified": [
          "META-INF/MANIFEST.MF"
        ],
        "removed": [],
        "change_type": "modified"
      },
      {
        "old_name": "WAR_PATH/WEB-INF/shielded-container-lib/com.liferay.petra.lang.jar",
        "new_name": "WAR_PATH/WEB-INF/shielded-container-lib/com.liferay.petra.lang.jar",
        "added": [],
        "modified": [
          "META-INF/MANIFEST.MF"
        ],
        "removed": [],
        "change_type": "modified"
      },
      {
        "old_name": "WAR_PATH/WEB-INF/shielded-container-lib/com.liferay.petra.function.jar",
        "new_name": "WAR_PATH/WEB-INF/shielded-container-lib/com.liferay.petra.function.jar",
        "added": [],
        "modified": [
          "META-INF/MANIFEST.MF"
        ],
        "removed": [],
        "change_type": "modified"
      },
      {
        "old_name": "WAR_PATH/WEB-INF/shielded-container-lib/util-bridges.jar",
        "new_name": "WAR_PATH/WEB-INF/shielded-container-lib/util-bridges.jar",
        "added": [],
        "modified": [
          "META-INF/MANIFEST.MF",
          "META-INF/maven/com.liferay.portal/com.liferay.util.bridges/pom.properties"
        ],
        "removed": [],
        "change_type": "modified"
      },
      {
        "old_name": "WAR_PATH/WEB-INF/shielded-container-lib/com.liferay.petra.reflect.jar",
        "new_name": "WAR_PATH/WEB-INF/shielded-container-lib/com.liferay.petra.reflect.jar",
        "added": [],
        "modified": [
          "META-INF/MANIFEST.MF"
        ],
        "removed": [],
        "change_type": "modified"
      },
      {
        "old_name": "WAR_PATH/WEB-INF/shielded-container-lib/util-taglib.jar",
        "new_name": "WAR_PATH/WEB-INF/shielded-container-lib/util-taglib.jar",
        "added": [],
        "modified": [
          "META-INF/MANIFEST.MF",
          "META-INF/maven/com.liferay.portal/com.liferay.util.taglib/pom.properties"
        ],
        "removed": [],
        "change_type": "modified"
      },
      {
        "old_name": "WAR_PATH/WEB-INF/shielded-container-lib/util-java.jar",
        "new_name": "WAR_PATH/WEB-INF/shielded-container-lib/util-java.jar",
        "added": [],
        "modified": [
          "META-INF/MANIFEST.MF",
          "META-INF/maven/com.liferay.portal/com.liferay.util.java/pom.properties"
        ],
        "removed": [],
        "change_type": "modified"
      },
      {
        "old_name": "WAR_PATH/WEB-INF/shielded-container-lib/com.liferay.portal.dao.db.jar",
        "new_name": "WAR_PATH/WEB-INF/shielded-container-lib/com.liferay.portal.dao.db.jar",
        "added": [],
        "modified": [
          "META-INF/MANIFEST.MF"
        ],
        "removed": [],
        "change_type": "modified"
      },
      {
        "old_name": "WAR_PATH/WEB-INF/shielded-container-lib/com.liferay.portal.jsp.engine.jar",
        "new_name": "WAR_PATH/WEB-INF/shielded-container-lib/com.liferay.portal.jsp.engine.jar",
        "added": [],
        "modified": [
          "META-INF/MANIFEST.MF"
        ],
        "removed": [],
        "change_type": "modified"
      },
      {
        "old_name": "WAR_PATH/WEB-INF/lib/com.liferay.shielded.container.impl.jar",
        "new_name": "WAR_PATH/WEB-INF/lib/com.liferay.shielded.container.impl.jar",
        "added": [],
        "modified": [
          "META-INF/MANIFEST.MF"
        ],
        "removed": [],
        "change_type": "modified"
      },
      {
        "old_name": "WAR_PATH/WEB-INF/lib/support-tomcat.jar",
        "new_name": "WAR_PATH/WEB-INF/lib/support-tomcat.jar",
        "added": [],
        "modified": [
          "META-INF/MANIFEST.MF",
          "META-INF/maven/com.liferay.portal/com.liferay.support.tomcat/pom.properties"
        ],
        "removed": [],
        "change_type": "modified"
      }
    ],
    "other_files": {
      "added_files": [],
      "modified_files": [],
      "removed_files": []
    }
  },
  "fixed-issues": [
    "LPS-155945"
  ],
  "patch": {
    "built-for": "BNPCARDCUSTFR",
    "id": "hotfix-960-7413",
    "name": "hotfix-960",
    "product": "7413",
    "rank": "221118073900442",
    "type": "hotfix",
    "requirements": "u30"
  },
  "patching-tool": {
    "incompatible-version-message": "Please update Patching Tool to version 3.0.37 or higher in order to use this patch.",
    "version": "3037"
  },
  "file-checksums": {
    "file": "checksums.json",
    "checksum": "343d325a93bd061faa6d8685181d07ba939d69d93d1d8ed7ece67b5a32953be6"
  }
}